Workbook

Sheet Overview
A1: Synthetic/Test Plan-Generation Results Package
A3: Purpose | B3: Synthetic/test tables for architectural plan-generation demo
A4: Structure | B4: 3 stages × 3 types × 8 runs = 72 runs
A5: Types | B5: studio, onebr, twobr
A6: Sheets | B6: 9 detail sheets + 3 stage summaries + 1 all-stages summary
A7: Important | B7: These tables are synthetic/test data and should not be presented as real measured outcomes.

Sheet Stage1_studio
A1: Stage 1 - studio | Synthetic/Test Data
A2: Note: | B2: Synthetic/test dataset for planning demo; not real measured outcomes.
A4: Stage | B4: Type | C4: Run | D4: Seed | E4: FI | F4: CS | G4: UF | H4: OI | I4: ODP | J4: Runtime (s) | K4: Hard Pass
A5: Stage 1 | B5: studio | C5: 1 | D5: 1000 | E5: 70.8 | F5: 66.9 | G5: 63.1 | H5: 65 | I5: 64.2 | J5: 60.4 | K5: No
A6: Stage 1 | B6: studio | C6: 2 | D6: 1001 | E6: 71.5 | F6: 67.2 | G6: 63.8 | H6: 65.6 | I6: 64.9 | J6: 61.1 | K6: No
A7: Stage 1 | B7: studio | C7: 3 | D7: 1002 | E7: 72.1 | F7: 67.8 | G7: 64 | H7: 66.1 | I7: 65.2 | J7: 61.5 | K7: No
A8: Stage 1 | B8: studio | C8: 4 | D8: 1003 | E8: 72.9 | F8: 68.3 | G8: 64.6 | H8: 66.7 | I8: 65.9 | J8: 61.9 | K8: No
A9: Stage 1 | B9: studio | C9: 5 | D9: 1004 | E9: 73.4 | F9: 68.9 | G9: 65 | H9: 67.1 | I9: 66.3 | J9: 62 | K9: Yes
A10: Stage 1 | B10: studio | C10: 6 | D10: 1005 | E10: 74 | F10: 69.2 | G10: 65.4 | H10: 67.5 | I10: 66.8 | J10: 62.4 | K10: Yes
A11: Stage 1 | B11: studio | C11: 7 | D11: 1006 | E11: 74.7 | F11: 69.8 | G11: 65.9 | H11: 68 | I11: 67.2 | J11: 62.8 | K11: Yes
A12: Stage 1 | B12: studio | C12: 8 | D12: 1007 | E12: 75.3 | F12: 70.1 | G12: 66.3 | H12: 68.4 | I12: 67.6 | J12: 63.2 | K12: Yes
A13: Summary / Mean | B13: studio | C13: 8 | D13: — | E13: =ROUND(AVERAGE(E5:E12),1) | F13: =ROUND(AVERAGE(F5:F12),1) | G13: =ROUND(AVERAGE(G5:G12),1) | H13: =ROUND(AVERAGE(H5:H12),1) | I13: =ROUND(AVERAGE(I5:I12),1) | J13: =ROUND(AVERAGE(J5:J12),1) | K13: =COUNTIF(K5:K12,"Yes")&" / "&COUNT(C5:C12)

Sheet Stage1_onebr
A1: Stage 1 - onebr | Synthetic/Test Data
A2: Note: | B2: Synthetic/test dataset for planning demo; not real measured outcomes.
A4: Stage | B4: Type | C4: Run | D4: Seed | E4: FI | F4: CS | G4: UF | H4: OI | I4: ODP | J4: Runtime (s) | K4: Hard Pass
A5: Stage 1 | B5: onebr | C5: 1 | D5: 1100 | E5: 72.9 | F5: 68 | G5: 64.4 | H5: 66.8 | I5: 65.9 | J5: 101.2 | K5: No
A6: Stage 1 | B6: onebr | C6: 2 | D6: 1101 | E6: 73.8 | F6: 68.6 | G6: 65 | H6: 67.4 | I6: 66.5 | J6: 102.4 | K6: No
A7: Stage 1 | B7: onebr | C7: 3 | D7: 1102 | E7: 74.4 | F7: 69.2 | G7: 65.5 | H7: 68 | I7: 67 | J7: 103 | K7: No
A8: Stage 1 | B8: onebr | C8: 4 | D8: 1103 | E8: 75 | F8: 69.8 | G8: 66 | H8: 68.5 | I8: 67.5 | J8: 103.9 | K8: Yes
A9: Stage 1 | B9: onebr | C9: 5 | D9: 1104 | E9: 75.6 | F9: 70.3 | G9: 66.4 | H9: 69 | I9: 68 | J9: 104.6 | K9: Yes
A10: Stage 1 | B10: onebr | C10: 6 | D10: 1105 | E10: 76.1 | F10: 70.8 | G10: 66.8 | H10: 69.4 | I10: 68.3 | J10: 105.1 | K10: Yes
A11: Stage 1 | B11: onebr | C11: 7 | D11: 1106 | E11: 76.8 | F11: 71.1 | G11: 67.2 | H11: 69.8 | I11: 68.7 | J11: 105.9 | K11: Yes
A12: Stage 1 | B12: onebr | C12: 8 | D12: 1107 | E12: 77.3 | F12: 71.5 | G12: 67.7 | H12: 70.2 | I12: 69.1 | J12: 106.3 | K12: Yes
A13: Summary / Mean | B13: onebr | C13: 8 | D13: — | E13: =ROUND(AVERAGE(E5:E12),1) | F13: =ROUND(AVERAGE(F5:F12),1) | G13: =ROUND(AVERAGE(G5:G12),1) | H13: =ROUND(AVERAGE(H5:H12),1) | I13: =ROUND(AVERAGE(I5:I12),1) | J13: =ROUND(AVERAGE(J5:J12),1) | K13: =COUNTIF(K5:K12,"Yes")&" / "&COUNT(C5:C12)

Sheet Stage1_twobr
A1: Stage 1 - twobr | Synthetic/Test Data
A2: Note: | B2: Synthetic/test dataset for planning demo; not real measured outcomes.
A4: Stage | B4: Type | C4: Run | D4: Seed | E4: FI | F4: CS | G4: UF | H4: OI | I4: ODP | J4: Runtime (s) | K4: Hard Pass
A5: Stage 1 | B5: twobr | C5: 1 | D5: 1200 | E5: 71.8 | F5: 67.4 | G5: 63.9 | H5: 66 | I5: 65.1 | J5: 125 | K5: No
A6: Stage 1 | B6: twobr | C6: 2 | D6: 1201 | E6: 72.6 | F6: 68 | G6: 64.5 | H6: 66.6 | I6: 65.8 | J6: 126.3 | K6: No
A7: Stage 1 | B7: twobr | C7: 3 | D7: 1202 | E7: 73.2 | F7: 68.5 | G7: 65 | H7: 67.1 | I7: 66.2 | J7: 127.1 | K7: No
A8: Stage 1 | B8: twobr | C8: 4 | D8: 1203 | E8: 73.9 | F8: 69 | G8: 65.4 | H8: 67.6 | I8: 66.7 | J8: 128 | K8: Yes
A9: Stage 1 | B9: twobr | C9: 5 | D9: 1204 | E9: 74.5 | F9: 69.4 | G9: 65.9 | H9: 68 | I9: 67.1 | J9: 128.8 | K9: Yes
A10: Stage 1 | B10: twobr | C10: 6 | D10: 1205 | E10: 75 | F10: 69.9 | G10: 66.2 | H10: 68.4 | I10: 67.5 | J10: 129.4 | K10: Yes
A11: Stage 1 | B11: twobr | C11: 7 | D11: 1206 | E11: 75.6 | F11: 70.3 | G11: 66.7 | H11: 68.9 | I11: 68 | J11: 130.1 | K11: Yes
A12: Stage 1 | B12: twobr | C12: 8 | D12: 1207 | E12: 76.1 | F12: 70.7 | G12: 67 | H12: 69.2 | I12: 68.3 | J12: 130.9 | K12: Yes
A13: Summary / Mean | B13: twobr | C13: 8 | D13: — | E13: =ROUND(AVERAGE(E5:E12),1) | F13: =ROUND(AVERAGE(F5:F12),1) | G13: =ROUND(AVERAGE(G5:G12),1) | H13: =ROUND(AVERAGE(H5:H12),1) | I13: =ROUND(AVERAGE(I5:I12),1) | J13: =ROUND(AVERAGE(J5:J12),1) | K13: =COUNTIF(K5:K12,"Yes")&" / "&COUNT(C5:C12)

Sheet Stage2_studio
A1: Stage 2 - studio | Synthetic/Test Data
A2: Note: | B2: Synthetic/test dataset for planning demo; not real measured outcomes.
A4: Stage | B4: Type | C4: Run | D4: Seed | E4: FI | F4: CS | G4: UF | H4: OI | I4: ODP | J4: Runtime (s) | K4: Hard Pass
A5: Stage 2 | B5: studio | C5: 1 | D5: 2000 | E5: 82.5 | F5: 78.8 | G5: 76.3 | H5: 80.2 | I5: 78.9 | J5: 58.8 | K5: No
A6: Stage 2 | B6: studio | C6: 2 | D6: 2001 | E6: 83.1 | F6: 79.4 | G6: 76.9 | H6: 80.8 | I6: 79.5 | J6: 58.4 | K6: No
A7: Stage 2 | B7: studio | C7: 3 | D7: 2002 | E7: 83.7 | F7: 80 | G7: 77.5 | H7: 81.4 | I7: 80.1 | J7: 58.1 | K7: Yes
A8: Stage 2 | B8: studio | C8: 4 | D8: 2003 | E8: 84.3 | F8: 80.6 | G8: 78.1 | H8: 82 | I8: 80.7 | J8: 57.8 | K8: Yes
A9: Stage 2 | B9: studio | C9: 5 | D9: 2004 | E9: 84.9 | F9: 81.2 | G9: 78.7 | H9: 82.6 | I9: 81.3 | J9: 57.4 | K9: Yes
A10: Stage 2 | B10: studio | C10: 6 | D10: 2005 | E10: 85.5 | F10: 81.8 | G10: 79.3 | H10: 83.2 | I10: 81.9 | J10: 57.1 | K10: Yes
A11: Stage 2 | B11: studio | C11: 7 | D11: 2006 | E11: 86.1 | F11: 82.4 | G11: 79.9 | H11: 83.8 | I11: 82.5 | J11: 56.8 | K11: Yes
A12: Stage 2 | B12: studio | C12: 8 | D12: 2007 | E12: 86.7 | F12: 83 | G12: 80.5 | H12: 84.4 | I12: 83.1 | J12: 56.4 | K12: Yes
A13: Summary / Mean | B13: studio | C13: 8 | D13: — | E13: =ROUND(AVERAGE(E5:E12),1) | F13: =ROUND(AVERAGE(F5:F12),1) | G13: =ROUND(AVERAGE(G5:G12),1) | H13: =ROUND(AVERAGE(H5:H12),1) | I13: =ROUND(AVERAGE(I5:I12),1) | J13: =ROUND(AVERAGE(J5:J12),1) | K13: =COUNTIF(K5:K12,"Yes")&" / "&COUNT(C5:C12)

Sheet Stage2_onebr
A1: Stage 2 - onebr | Synthetic/Test Data
A2: Note: | B2: Synthetic/test dataset for planning demo; not real measured outcomes.
A4: Stage | B4: Type | C4: Run | D4: Seed | E4: FI | F4: CS | G4: UF | H4: OI | I4: ODP | J4: Runtime (s) | K4: Hard Pass
A5: Stage 2 | B5: onebr | C5: 1 | D5: 2100 | E5: 85.4 | F5: 82 | G5: 79.5 | H5: 83.7 | I5: 81.5 | J5: 100.6 | K5: No
A6: Stage 2 | B6: onebr | C6: 2 | D6: 2101 | E6: 86 | F6: 82.6 | G6: 80.1 | H6: 84.3 | I6: 82.1 | J6: 100.1 | K6: Yes
A7: Stage 2 | B7: onebr | C7: 3 | D7: 2102 | E7: 86.6 | F7: 83.2 | G7: 80.7 | H7: 84.9 | I7: 82.7 | J7: 99.7 | K7: Yes
A8: Stage 2 | B8: onebr | C8: 4 | D8: 2103 | E8: 87.2 | F8: 83.8 | G8: 81.3 | H8: 85.5 | I8: 83.3 | J8: 99.2 | K8: Yes
A9: Stage 2 | B9: onebr | C9: 5 | D9: 2104 | E9: 87.8 | F9: 84.4 | G9: 81.9 | H9: 86.1 | I9: 83.9 | J9: 98.8 | K9: Yes
A10: Stage 2 | B10: onebr | C10: 6 | D10: 2105 | E10: 88.4 | F10: 85 | G10: 82.5 | H10: 86.7 | I10: 84.5 | J10: 98.3 | K10: Yes
A11: Stage 2 | B11: onebr | C11: 7 | D11: 2106 | E11: 89 | F11: 85.6 | G11: 83.1 | H11: 87.3 | I11: 85.1 | J11: 97.9 | K11: Yes
A12: Stage 2 | B12: onebr | C12: 8 | D12: 2107 | E12: 89.6 | F12: 86.2 | G12: 83.7 | H12: 87.9 | I12: 85.7 | J12: 97.4 | K12: Yes
A13: Summary / Mean | B13: onebr | C13: 8 | D13: — | E13: =ROUND(AVERAGE(E5:E12),1) | F13: =ROUND(AVERAGE(F5:F12),1) | G13: =ROUND(AVERAGE(G5:G12),1) | H13: =ROUND(AVERAGE(H5:H12),1) | I13: =ROUND(AVERAGE(I5:I12),1) | J13: =ROUND(AVERAGE(J5:J12),1) | K13: =COUNTIF(K5:K12,"Yes")&" / "&COUNT(C5:C12)

Sheet Stage2_twobr
A1: Stage 2 - twobr | Synthetic/Test Data
A2: Note: | B2: Synthetic/test dataset for planning demo; not real measured outcomes.
A4: Stage | B4: Type | C4: Run | D4: Seed | E4: FI | F4: CS | G4: UF | H4: OI | I4: ODP | J4: Runtime (s) | K4: Hard Pass
A5: Stage 2 | B5: twobr | C5: 1 | D5: 2200 | E5: 84.2 | F5: 81.1 | G5: 78.8 | H5: 82.7 | I5: 80.7 | J5: 123.4 | K5: No
A6: Stage 2 | B6: twobr | C6: 2 | D6: 2201 | E6: 84.8 | F6: 81.7 | G6: 79.4 | H6: 83.3 | I6: 81.3 | J6: 122.9 | K6: No
A7: Stage 2 | B7: twobr | C7: 3 | D7: 2202 | E7: 85.4 | F7: 82.3 | G7: 80 | H7: 83.9 | I7: 81.9 | J7: 122.3 | K7: Yes
A8: Stage 2 | B8: twobr | C8: 4 | D8: 2203 | E8: 86 | F8: 82.9 | G8: 80.6 | H8: 84.5 | I8: 82.5 | J8: 121.8 | K8: Yes
A9: Stage 2 | B9: twobr | C9: 5 | D9: 2204 | E9: 86.6 | F9: 83.5 | G9: 81.2 | H9: 85.1 | I9: 83.1 | J9: 121.2 | K9: Yes
A10: Stage 2 | B10: twobr | C10: 6 | D10: 2205 | E10: 87.2 | F10: 84.1 | G10: 81.8 | H10: 85.7 | I10: 83.7 | J10: 120.7 | K10: Yes
A11: Stage 2 | B11: twobr | C11: 7 | D11: 2206 | E11: 87.8 | F11: 84.7 | G11: 82.4 | H11: 86.3 | I11: 84.3 | J11: 120.1 | K11: Yes
A12: Stage 2 | B12: twobr | C12: 8 | D12: 2207 | E12: 88.4 | F12: 85.3 | G12: 83 | H12: 86.9 | I12: 84.9 | J12: 119.6 | K12: Yes
A13: Summary / Mean | B13: twobr | C13: 8 | D13: — | E13: =ROUND(AVERAGE(E5:E12),1) | F13: =ROUND(AVERAGE(F5:F12),1) | G13: =ROUND(AVERAGE(G5:G12),1) | H13: =ROUND(AVERAGE(H5:H12),1) | I13: =ROUND(AVERAGE(I5:I12),1) | J13: =ROUND(AVERAGE(J5:J12),1) | K13: =COUNTIF(K5:K12,"Yes")&" / "&COUNT(C5:C12)

Sheet Stage3_studio
A1: Stage 3 - studio | Synthetic/Test Data
A2: Note: | B2: Synthetic/test dataset for planning demo; not real measured outcomes.
A4: Stage | B4: Type | C4: Run | D4: Seed | E4: FI | F4: CS | G4: UF | H4: OI | I4: ODP | J4: Runtime (s) | K4: Hard Pass
A5: Stage 3 | B5: studio | C5: 1 | D5: 3000 | E5: 90.4 | F5: 88 | G5: 86.7 | H5: 89 | I5: 88.2 | J5: 54.8 | K5: No
A6: Stage 3 | B6: studio | C6: 2 | D6: 3001 | E6: 90.9 | F6: 88.4 | G6: 87.1 | H6: 89.4 | I6: 88.6 | J6: 54.3 | K6: Yes
A7: Stage 3 | B7: studio | C7: 3 | D7: 3002 | E7: 91.4 | F7: 88.8 | G7: 87.5 | H7: 89.8 | I7: 89 | J7: 53.9 | K7: Yes
A8: Stage 3 | B8: studio | C8: 4 | D8: 3003 | E8: 91.9 | F8: 89.2 | G8: 87.9 | H8: 90.2 | I8: 89.4 | J8: 53.5 | K8: Yes
A9: Stage 3 | B9: studio | C9: 5 | D9: 3004 | E9: 92.4 | F9: 89.6 | G9: 88.3 | H9: 90.6 | I9: 89.8 | J9: 53.1 | K9: Yes
A10: Stage 3 | B10: studio | C10: 6 | D10: 3005 | E10: 92.9 | F10: 90 | G10: 88.7 | H10: 91 | I10: 90.2 | J10: 52.7 | K10: Yes
A11: Stage 3 | B11: studio | C11: 7 | D11: 3006 | E11: 93.4 | F11: 90.4 | G11: 89.1 | H11: 91.4 | I11: 90.6 | J11: 52.3 | K11: Yes
A12: Stage 3 | B12: studio | C12: 8 | D12: 3007 | E12: 93.9 | F12: 90.8 | G12: 89.5 | H12: 91.8 | I12: 91 | J12: 51.9 | K12: Yes
A13: Summary / Mean | B13: studio | C13: 8 | D13: — | E13: =ROUND(AVERAGE(E5:E12),1) | F13: =ROUND(AVERAGE(F5:F12),1) | G13: =ROUND(AVERAGE(G5:G12),1) | H13: =ROUND(AVERAGE(H5:H12),1) | I13: =ROUND(AVERAGE(I5:I12),1) | J13: =ROUND(AVERAGE(J5:J12),1) | K13: =COUNTIF(K5:K12,"Yes")&" / "&COUNT(C5:C12)

Sheet Stage3_onebr
A1: Stage 3 - onebr | Synthetic/Test Data
A2: Note: | B2: Synthetic/test dataset for planning demo; not real measured outcomes.
A4: Stage | B4: Type | C4: Run | D4: Seed | E4: FI | F4: CS | G4: UF | H4: OI | I4: ODP | J4: Runtime (s) | K4: Hard Pass
A5: Stage 3 | B5: onebr | C5: 1 | D5: 3100 | E5: 92.1 | F5: 90 | G5: 88.4 | H5: 91.3 | I5: 89.7 | J5: 95.8 | K5: Yes
A6: Stage 3 | B6: onebr | C6: 2 | D6: 3101 | E6: 92.6 | F6: 90.4 | G6: 88.8 | H6: 91.7 | I6: 90.1 | J6: 95.3 | K6: Yes
A7: Stage 3 | B7: onebr | C7: 3 | D7: 3102 | E7: 93.1 | F7: 90.8 | G7: 89.2 | H7: 92.1 | I7: 90.5 | J7: 94.8 | K7: Yes
A8: Stage 3 | B8: onebr | C8: 4 | D8: 3103 | E8: 93.6 | F8: 91.2 | G8: 89.6 | H8: 92.5 | I8: 90.9 | J8: 94.3 | K8: Yes
A9: Stage 3 | B9: onebr | C9: 5 | D9: 3104 | E9: 94.1 | F9: 91.6 | G9: 90 | H9: 92.9 | I9: 91.3 | J9: 93.8 | K9: Yes
A10: Stage 3 | B10: onebr | C10: 6 | D10: 3105 | E10: 94.6 | F10: 92 | G10: 90.4 | H10: 93.3 | I10: 91.7 | J10: 93.3 | K10: Yes
A11: Stage 3 | B11: onebr | C11: 7 | D11: 3106 | E11: 95.1 | F11: 92.4 | G11: 90.8 | H11: 93.7 | I11: 92.1 | J11: 92.8 | K11: Yes
A12: Stage 3 | B12: onebr | C12: 8 | D12: 3107 | E12: 95.6 | F12: 92.8 | G12: 91.2 | H12: 94.1 | I12: 92.5 | J12: 92.3 | K12: Yes
A13: Summary / Mean | B13: onebr | C13: 8 | D13: — | E13: =ROUND(AVERAGE(E5:E12),1) | F13: =ROUND(AVERAGE(F5:F12),1) | G13: =ROUND(AVERAGE(G5:G12),1) | H13: =ROUND(AVERAGE(H5:H12),1) | I13: =ROUND(AVERAGE(I5:I12),1) | J13: =ROUND(AVERAGE(J5:J12),1) | K13: =COUNTIF(K5:K12,"Yes")&" / "&COUNT(C5:C12)

Sheet Stage3_twobr
A1: Stage 3 - twobr | Synthetic/Test Data
A2: Note: | B2: Synthetic/test dataset for planning demo; not real measured outcomes.
A4: Stage | B4: Type | C4: Run | D4: Seed | E4: FI | F4: CS | G4: UF | H4: OI | I4: ODP | J4: Runtime (s) | K4: Hard Pass
A5: Stage 3 | B5: twobr | C5: 1 | D5: 3200 | E5: 91 | F5: 89.1 | G5: 87.9 | H5: 90.2 | I5: 89.1 | J5: 117.8 | K5: Yes
A6: Stage 3 | B6: twobr | C6: 2 | D6: 3201 | E6: 91.5 | F6: 89.5 | G6: 88.3 | H6: 90.6 | I6: 89.5 | J6: 117.2 | K6: Yes
A7: Stage 3 | B7: twobr | C7: 3 | D7: 3202 | E7: 92 | F7: 89.9 | G7: 88.7 | H7: 91 | I7: 89.9 | J7: 116.7 | K7: Yes
A8: Stage 3 | B8: twobr | C8: 4 | D8: 3203 | E8: 92.5 | F8: 90.3 | G8: 89.1 | H8: 91.4 | I8: 90.3 | J8: 116.1 | K8: Yes
A9: Stage 3 | B9: twobr | C9: 5 | D9: 3204 | E9: 93 | F9: 90.7 | G9: 89.5 | H9: 91.8 | I9: 90.7 | J9: 115.6 | K9: Yes
A10: Stage 3 | B10: twobr | C10: 6 | D10: 3205 | E10: 93.5 | F10: 91.1 | G10: 89.9 | H10: 92.2 | I10: 91.1 | J10: 115 | K10: Yes
A11: Stage 3 | B11: twobr | C11: 7 | D11: 3206 | E11: 94 | F11: 91.5 | G11: 90.3 | H11: 92.6 | I11: 91.5 | J11: 114.5 | K11: Yes
A12: Stage 3 | B12: twobr | C12: 8 | D12: 3207 | E12: 94.5 | F12: 91.9 | G12: 90.7 | H12: 93 | I12: 91.9 | J12: 113.9 | K12: Yes
A13: Summary / Mean | B13: twobr | C13: 8 | D13: — | E13: =ROUND(AVERAGE(E5:E12),1) | F13: =ROUND(AVERAGE(F5:F12),1) | G13: =ROUND(AVERAGE(G5:G12),1) | H13: =ROUND(AVERAGE(H5:H12),1) | I13: =ROUND(AVERAGE(I5:I12),1) | J13: =ROUND(AVERAGE(J5:J12),1) | K13: =COUNTIF(K5:K12,"Yes")&" / "&COUNT(C5:C12)

Sheet Stage1_Summary
A1: Stage 1 Summary
A3: Stage | B3: Type | C3: Runs | D3: Mean FI | E3: Mean CS | F3: Mean UF | G3: Mean OI | H3: Mean ODP | I3: Mean Runtime (s) | J3: Hard Pass
A4: Stage 1 | B4: studio | C4: 8 | D4: ='Stage1_studio'!E13 | E4: ='Stage1_studio'!F13 | F4: ='Stage1_studio'!G13 | G4: ='Stage1_studio'!H13 | H4: ='Stage1_studio'!I13 | I4: ='Stage1_studio'!J13 | J4: ='Stage1_studio'!K13
A5: Stage 1 | B5: onebr | C5: 8 | D5: ='Stage1_onebr'!E13 | E5: ='Stage1_onebr'!F13 | F5: ='Stage1_onebr'!G13 | G5: ='Stage1_onebr'!H13 | H5: ='Stage1_onebr'!I13 | I5: ='Stage1_onebr'!J13 | J5: ='Stage1_onebr'!K13
A6: Stage 1 | B6: twobr | C6: 8 | D6: ='Stage1_twobr'!E13 | E6: ='Stage1_twobr'!F13 | F6: ='Stage1_twobr'!G13 | G6: ='Stage1_twobr'!H13 | H6: ='Stage1_twobr'!I13 | I6: ='Stage1_twobr'!J13 | J6: ='Stage1_twobr'!K13
A7: Overall Stage Summary | B7: — | C7: =SUM(C4:C6) | D7: =ROUND(AVERAGE(D4:D6),1) | E7: =ROUND(AVERAGE(E4:E6),1) | F7: =ROUND(AVERAGE(F4:F6),1) | G7: =ROUND(AVERAGE(G4:G6),1) | H7: =ROUND(AVERAGE(H4:H6),1) | I7: =ROUND(AVERAGE(I4:I6),1) | J7: =(COUNTIF('Stage1_studio'!K5:K12,"Yes")+COUNTIF('Stage1_onebr'!K5:K12,"Yes")+COUNTIF('Stage1_twobr'!K5:K12,"Yes"))&" / "&SUM(C4:C6)

Sheet Stage2_Summary
A1: Stage 2 Summary
A3: Stage | B3: Type | C3: Runs | D3: Mean FI | E3: Mean CS | F3: Mean UF | G3: Mean OI | H3: Mean ODP | I3: Mean Runtime (s) | J3: Hard Pass
A4: Stage 2 | B4: studio | C4: 8 | D4: ='Stage2_studio'!E13 | E4: ='Stage2_studio'!F13 | F4: ='Stage2_studio'!G13 | G4: ='Stage2_studio'!H13 | H4: ='Stage2_studio'!I13 | I4: ='Stage2_studio'!J13 | J4: ='Stage2_studio'!K13
A5: Stage 2 | B5: onebr | C5: 8 | D5: ='Stage2_onebr'!E13 | E5: ='Stage2_onebr'!F13 | F5: ='Stage2_onebr'!G13 | G5: ='Stage2_onebr'!H13 | H5: ='Stage2_onebr'!I13 | I5: ='Stage2_onebr'!J13 | J5: ='Stage2_onebr'!K13
A6: Stage 2 | B6: twobr | C6: 8 | D6: ='Stage2_twobr'!E13 | E6: ='Stage2_twobr'!F13 | F6: ='Stage2_twobr'!G13 | G6: ='Stage2_twobr'!H13 | H6: ='Stage2_twobr'!I13 | I6: ='Stage2_twobr'!J13 | J6: ='Stage2_twobr'!K13
A7: Overall Stage Summary | B7: — | C7: =SUM(C4:C6) | D7: =ROUND(AVERAGE(D4:D6),1) | E7: =ROUND(AVERAGE(E4:E6),1) | F7: =ROUND(AVERAGE(F4:F6),1) | G7: =ROUND(AVERAGE(G4:G6),1) | H7: =ROUND(AVERAGE(H4:H6),1) | I7: =ROUND(AVERAGE(I4:I6),1) | J7: =(COUNTIF('Stage2_studio'!K5:K12,"Yes")+COUNTIF('Stage2_onebr'!K5:K12,"Yes")+COUNTIF('Stage2_twobr'!K5:K12,"Yes"))&" / "&SUM(C4:C6)

Sheet Stage3_Summary
A1: Stage 3 Summary
A3: Stage | B3: Type | C3: Runs | D3: Mean FI | E3: Mean CS | F3: Mean UF | G3: Mean OI | H3: Mean ODP | I3: Mean Runtime (s) | J3: Hard Pass
A4: Stage 3 | B4: studio | C4: 8 | D4: ='Stage3_studio'!E13 | E4: ='Stage3_studio'!F13 | F4: ='Stage3_studio'!G13 | G4: ='Stage3_studio'!H13 | H4: ='Stage3_studio'!I13 | I4: ='Stage3_studio'!J13 | J4: ='Stage3_studio'!K13
A5: Stage 3 | B5: onebr | C5: 8 | D5: ='Stage3_onebr'!E13 | E5: ='Stage3_onebr'!F13 | F5: ='Stage3_onebr'!G13 | G5: ='Stage3_onebr'!H13 | H5: ='Stage3_onebr'!I13 | I5: ='Stage3_onebr'!J13 | J5: ='Stage3_onebr'!K13
A6: Stage 3 | B6: twobr | C6: 8 | D6: ='Stage3_twobr'!E13 | E6: ='Stage3_twobr'!F13 | F6: ='Stage3_twobr'!G13 | G6: ='Stage3_twobr'!H13 | H6: ='Stage3_twobr'!I13 | I6: ='Stage3_twobr'!J13 | J6: ='Stage3_twobr'!K13
A7: Overall Stage Summary | B7: — | C7: =SUM(C4:C6) | D7: =ROUND(AVERAGE(D4:D6),1) | E7: =ROUND(AVERAGE(E4:E6),1) | F7: =ROUND(AVERAGE(F4:F6),1) | G7: =ROUND(AVERAGE(G4:G6),1) | H7: =ROUND(AVERAGE(H4:H6),1) | I7: =ROUND(AVERAGE(I4:I6),1) | J7: =(COUNTIF('Stage3_studio'!K5:K12,"Yes")+COUNTIF('Stage3_onebr'!K5:K12,"Yes")+COUNTIF('Stage3_twobr'!K5:K12,"Yes"))&" / "&SUM(C4:C6)

Sheet All_Stages_Summary
A1: All Stages Summary
A3: Stage | B3: Total Runs | C3: Mean FI | D3: Mean CS | E3: Mean UF | F3: Mean OI | G3: Mean ODP | H3: Mean Runtime (s) | I3: Hard Pass
A4: Stage 1 | B4: ='Stage1_Summary'!C7 | C4: ='Stage1_Summary'!D7 | D4: ='Stage1_Summary'!E7 | E4: ='Stage1_Summary'!F7 | F4: ='Stage1_Summary'!G7 | G4: ='Stage1_Summary'!H7 | H4: ='Stage1_Summary'!I7 | I4: ='Stage1_Summary'!J7
A5: Stage 2 | B5: ='Stage2_Summary'!C7 | C5: ='Stage2_Summary'!D7 | D5: ='Stage2_Summary'!E7 | E5: ='Stage2_Summary'!F7 | F5: ='Stage2_Summary'!G7 | G5: ='Stage2_Summary'!H7 | H5: ='Stage2_Summary'!I7 | I5: ='Stage2_Summary'!J7
A6: Stage 3 | B6: ='Stage3_Summary'!C7 | C6: ='Stage3_Summary'!D7 | D6: ='Stage3_Summary'!E7 | E6: ='Stage3_Summary'!F7 | F6: ='Stage3_Summary'!G7 | G6: ='Stage3_Summary'!H7 | H6: ='Stage3_Summary'!I7 | I6: ='Stage3_Summary'!J7
A7: Grand Total | B7: =SUM(B4:B6) | C7: =ROUND(AVERAGE(C4:C6),1) | D7: =ROUND(AVERAGE(D4:D6),1) | E7: =ROUND(AVERAGE(E4:E6),1) | F7: =ROUND(AVERAGE(F4:F6),1) | G7: =ROUND(AVERAGE(G4:G6),1) | H7: =ROUND(AVERAGE(H4:H6),1) | I7: =(COUNTIF(Stage1_studio!K5:K12,"Yes")+COUNTIF(Stage1_onebr!K5:K12,"Yes")+COUNTIF(Stage1_twobr!K5:K12,"Yes")+COUNTIF(Stage2_studio!K5:K12,"Yes")+COUNTIF(Stage2_onebr!K5:K12,"Yes")+COUNTIF(Stage2_twobr!K5:K12,"Yes")+COUNTIF(Stage3_studio!K5:K12,"Yes")+COUNTIF(Stage3_onebr!K5:K12,"Yes")+COUNTIF(Stage3_twobr!K5:K12,"Yes"))&" / "&SUM(B4:B6)
